filename,exported,new,updated,skipped,exif_updated,touched,converted_to_jpeg,sidecar_xmp,sidecar_json,sidecar_exiftool,missing,error,exiftool_warning,exiftool_error,extended_attributes_written,extended_attributes_skipped,cleanup_deleted_file,cleanup_deleted_directory,exported_album
/Users/dirk/Dropbox/EenEeuwEefde/rijksstraatweg/E-000-280.jpg,1,1,0,0,1,0,0,0,0,0,0,,,,1,0,0,0,
/Users/dirk/Dropbox/EenEeuwEefde/laatstestuiver/E-000-210.jpg,1,1,0,0,1,0,0,0,0,0,0,,,,1,0,0,0,
/Users/dirk/Dropbox/EenEeuwEefde/kerklaan/E-000-182.jpg,1,1,0,0,1,0,0,0,0,0,0,,,,1,0,0,0,
/Users/dirk/Dropbox/EenEeuwEefde/kazernestraat/E-000-175.jpg,1,1,0,0,1,0,0,0,0,0,0,,,,1,0,0,0,
/Users/dirk/Dropbox/EenEeuwEefde/sluis/E-000-380.jpg,1,1,0,0,1,0,0,0,0,0,0,,,,1,0,0,0,
/Users/dirk/Dropbox/EenEeuwEefde/kerk/E-000-180.jpg,1,1,0,0,1,0,0,0,0,0,0,,,,1,0,0,0,
/Users/dirk/Dropbox/EenEeuwEefde/mettray/E-000-255.jpg,1,1,0,0,1,0,0,0,0,0,0,,,,1,0,0,0,
/Users/dirk/Dropbox/EenEeuwEefde/zutphenseweg/E-000-412.jpg,1,1,0,0,1,0,0,0,0,0,0,,,,1,0,0,0,
/Users/dirk/Dropbox/EenEeuwEefde/sluis/E-000-377.jpg,1,1,0,0,1,0,0,0,0,0,0,,,,1,0,0,0,
/Users/dirk/Dropbox/EenEeuwEefde/damlaan/E-000-036.jpg,1,1,0,0,1,0,0,0,0,0,0,,,,1,0,0,0,
/Users/dirk/Dropbox/EenEeuwEefde/mettrayweg/E-000-268.jpg,1,1,0,0,1,0,0,0,0,0,0,,,,1,0,0,0,
/Users/dirk/Dropbox/EenEeuwEefde/sluis/E-000-386.jpg,1,1,0,0,1,0,0,0,0,0,0,,,,1,0,0,0,
/Users/dirk/Dropbox/EenEeuwEefde/kapperallee/E-000-147.jpg,1,1,0,0,1,0,0,0,0,0,0,,,,1,0,0,0,
/Users/dirk/Dropbox/EenEeuwEefde/deventerweg/E-000-061.jpg,1,1,0,0,1,0,0,0,0,0,0,,,,1,0,0,0,
/Users/dirk/Dropbox/EenEeuwEefde/deventerweg/E-000-067.jpg,1,1,0,0,1,0,0,0,0,0,0,,,,1,0,0,0,
/Users/dirk/Dropbox/EenEeuwEefde/mettray/E-000-240.jpg,1,1,0,0,1,0,0,0,0,0,0,,,,1,0,0,0,
/Users/dirk/Dropbox/EenEeuwEefde/deventerweg/E-000-050.jpg,1,1,0,0,1,0,0,0,0,0,0,,,,1,0,0,0,
/Users/dirk/Dropbox/EenEeuwEefde/mettray/E-000-256.jpg,1,1,0,0,1,0,0,0,0,0,0,,,,1,0,0,0,
/Users/dirk/Dropbox/EenEeuwEefde/rustoordlaan/E-000-312.jpg,1,1,0,0,1,0,0,0,0,0,0,,,,1,0,0,0,
/Users/dirk/Dropbox/EenEeuwEefde/sluis/E-000-374.jpg,1,1,0,0,1,0,0,0,0,0,0,,,,1,0,0,0,
/Users/dirk/Dropbox/EenEeuwEefde/damlaan/E-000-041.jpg,1,1,0,0,1,0,0,0,0,0,0,,,,1,0,0,0,
/Users/dirk/Dropbox/EenEeuwEefde/kanaal/E-000-128.jpg,1,1,0,0,1,0,0,0,0,0,0,,,,1,0,0,0,
/Users/dirk/Dropbox/EenEeuwEefde/kapperallee/E-000-141.jpg,1,1,0,0,1,0,0,0,0,0,0,,,,1,0,0,0,
/Users/dirk/Dropbox/EenEeuwEefde/mettray/E-000-223.jpg,1,1,0,0,1,0,0,0,0,0,0,,,,1,0,0,0,
/Users/dirk/Dropbox/EenEeuwEefde/rustoordlaan/E-000-306.jpg,1,1,0,0,1,0,0,0,0,0,0,,,,1,0,0,0,
/Users/dirk/Dropbox/EenEeuwEefde/vanderhoevenlaan/E-000-406.jpg,1,1,0,0,1,0,0,0,0,0,0,,,,1,0,0,0,
/Users/dirk/Dropbox/EenEeuwEefde/spoorbrug/E-000-398.jpg,1,1,0,0,1,0,0,0,0,0,0,,,,1,0,0,0,
/Users/dirk/Dropbox/EenEeuwEefde/mettray/E-000-243.jpg,1,1,0,0,1,0,0,0,0,0,0,,,,1,0,0,0,
/Users/dirk/Dropbox/EenEeuwEefde/kapperallee/E-000-154.jpg,1,1,0,0,1,0,0,0,0,0,0,,,,1,0,0,0,
/Users/dirk/Dropbox/EenEeuwEefde/kokstraat/E-000-196.jpg,1,1,0,0,1,0,0,0,0,0,0,,,,1,0,0,0,
/Users/dirk/Dropbox/EenEeuwEefde/zutphenseweg/E-000-414.jpg,1,1,0,0,1,0,0,0,0,0,0,,,,1,0,0,0,
/Users/dirk/Dropbox/EenEeuwEefde/huisdevoorst/E-000-104.jpg,1,1,0,0,1,0,0,0,0,0,0,,,,1,0,0,0,
/Users/dirk/Dropbox/EenEeuwEefde/zutphen/E-000-411.jpg,1,1,0,0,1,0,0,0,0,0,0,,,,1,0,0,0,
/Users/dirk/Dropbox/EenEeuwEefde/rustoordlaan/E-000-293.jpg,1,1,0,0,1,0,0,0,0,0,0,,,,1,0,0,0,
/Users/dirk/Dropbox/EenEeuwEefde/kapperallee/E-000-162.jpg,1,1,0,0,1,0,0,0,0,0,0,,,,1,0,0,0,
/Users/dirk/Dropbox/EenEeuwEefde/schoolstraat/E-000-352.jpg,1,1,0,0,1,0,0,0,0,0,0,,,,1,0,0,0,
/Users/dirk/Dropbox/EenEeuwEefde/elzerdijk/E-000-074.jpg,1,1,0,0,1,0,0,0,0,0,0,,,,1,0,0,0,
/Users/dirk/Dropbox/EenEeuwEefde/mettray/E-000-248.jpg,1,1,0,0,1,0,0,0,0,0,0,,,,1,0,0,0,
/Users/dirk/Dropbox/EenEeuwEefde/laatstestuiver/E-000-204.jpg,1,1,0,0,1,0,0,0,0,0,0,,,,1,0,0,0,
/Users/dirk/Dropbox/EenEeuwEefde/laatstestuiver/E-000-199.jpg,1,1,0,0,1,0,0,0,0,0,0,,,,1,0,0,0,
/Users/dirk/Dropbox/EenEeuwEefde/kerkpad/E-000-188.jpg,1,1,0,0,1,0,0,0,0,0,0,,,,1,0,0,0,
/Users/dirk/Dropbox/EenEeuwEefde/sluis/E-000-358.jpg,1,1,0,0,1,0,0,0,0,0,0,,,,1,0,0,0,
/Users/dirk/Dropbox/EenEeuwEefde/sluis/E-000-366.jpg,1,1,0,0,1,0,0,0,0,0,0,,,,1,0,0,0,
/Users/dirk/Dropbox/EenEeuwEefde/zutphenseweg/E-000-433.jpg,1,1,0,0,1,0,0,0,0,0,0,,,,1,0,0,0,
/Users/dirk/Dropbox/EenEeuwEefde/vanderhoevenlaan/E-000-404.jpg,1,1,0,0,1,0,0,0,0,0,0,,,,1,0,0,0,
/Users/dirk/Dropbox/EenEeuwEefde/sluis/E-000-394.jpg,1,1,0,0,1,0,0,0,0,0,0,,,,1,0,0,0,
/Users/dirk/Dropbox/EenEeuwEefde/laatstestuiver/E-000-208.jpg,1,1,0,0,1,0,0,0,0,0,0,,,,1,0,0,0,
/Users/dirk/Dropbox/EenEeuwEefde/zutphenseweg/E-000-413.jpg,1,1,0,0,1,0,0,0,0,0,0,,,,1,0,0,0,
/Users/dirk/Dropbox/EenEeuwEefde/sluis/E-000-387.jpg,1,1,0,0,1,0,0,0,0,0,0,,,,1,0,0,0,
/Users/dirk/Dropbox/EenEeuwEefde/huisdevoorst/E-000-109.jpg,1,1,0,0,1,0,0,0,0,0,0,,,,1,0,0,0,
/Users/dirk/Dropbox/EenEeuwEefde/damlaan/E-000-030.jpg,1,1,0,0,1,0,0,0,0,0,0,,,,1,0,0,0,
/Users/dirk/Dropbox/EenEeuwEefde/huisdevoorst/E-000-105.jpg,1,1,0,0,1,0,0,0,0,0,0,,,,1,0,0,0,
/Users/dirk/Dropbox/EenEeuwEefde/hoogbarge/E-000-083.jpg,1,1,0,0,1,0,0,0,0,0,0,,,,1,0,0,0,
/Users/dirk/Dropbox/EenEeuwEefde/rustoordlaan/E-000-311.jpg,1,1,0,0,1,0,0,0,0,0,0,,,,1,0,0,0,
/Users/dirk/Dropbox/EenEeuwEefde/laatstestuiver/E-000-201.jpg,1,1,0,0,1,0,0,0,0,0,0,,,,1,0,0,0,
/Users/dirk/Dropbox/EenEeuwEefde/sluis/E-000-365.jpg,1,1,0,0,1,0,0,0,0,0,0,,,,1,0,0,0,
/Users/dirk/Dropbox/EenEeuwEefde/damlaan/E-000-042.jpg,1,1,0,0,1,0,0,0,0,0,0,,,,1,0,0,0,
/Users/dirk/Dropbox/EenEeuwEefde/rustoordlaan/E-000-305.jpg,1,1,0,0,1,0,0,0,0,0,0,,,,1,0,0,0,
/Users/dirk/Dropbox/EenEeuwEefde/rustoordlaan/E-000-296.jpg,1,1,0,0,1,0,0,0,0,0,0,,,,1,0,0,0,
/Users/dirk/Dropbox/EenEeuwEefde/kapperallee/E-000-140.jpg,1,1,0,0,1,0,0,0,0,0,0,,,,1,0,0,0,
/Users/dirk/Dropbox/EenEeuwEefde/schoolstraat/E-000-345.jpg,1,1,0,0,1,0,0,0,0,0,0,,,,1,0,0,0,
/Users/dirk/Dropbox/EenEeuwEefde/kaart/E-000-118.jpg,1,1,0,0,1,0,0,0,0,0,0,,,,1,0,0,0,
/Users/dirk/Dropbox/EenEeuwEefde/deventerweg/E-000-054.jpg,1,1,0,0,1,0,0,0,0,0,0,,,,1,0,0,0,
/Users/dirk/Dropbox/EenEeuwEefde/kerklaan/E-000-184.jpg,1,1,0,0,1,0,0,0,0,0,0,,,,1,0,0,0,
/Users/dirk/Dropbox/EenEeuwEefde/huisdevoorst/E-000-107.jpg,1,1,0,0,1,0,0,0,0,0,0,,,,1,0,0,0,
/Users/dirk/Dropbox/EenEeuwEefde/deventerweg/E-000-057.jpg,1,1,0,0,1,0,0,0,0,0,0,,,,1,0,0,0,
/Users/dirk/Dropbox/EenEeuwEefde/sluis/E-000-364.jpg,1,1,0,0,1,0,0,0,0,0,0,,,,1,0,0,0,
/Users/dirk/Dropbox/EenEeuwEefde/boedelhofweg/E-000-015.jpg,1,1,0,0,1,0,0,0,0,0,0,,,,1,0,0,0,
/Users/dirk/Dropbox/EenEeuwEefde/damlaan/E-000-044.jpg,1,1,0,0,1,0,0,0,0,0,0,,,,1,0,0,0,
/Users/dirk/Dropbox/EenEeuwEefde/kapperallee/E-000-168.jpg,1,1,0,0,1,0,0,0,0,0,0,,,,1,0,0,0,
/Users/dirk/Dropbox/EenEeuwEefde/zutphenseweg/E-000-426.jpg,1,1,0,0,1,0,0,0,0,0,0,,,,1,0,0,0,
/Users/dirk/Dropbox/EenEeuwEefde/gymnastieklaan/E-000-079.jpg,1,1,0,0,1,0,0,0,0,0,0,,,,1,0,0,0,
/Users/dirk/Dropbox/EenEeuwEefde/spoorbrug/E-000-396.jpg,1,1,0,0,1,0,0,0,0,0,0,,,,1,0,0,0,
/Users/dirk/Dropbox/EenEeuwEefde/schoolstraat/E-000-332.jpg,1,1,0,0,1,0,0,0,0,0,0,,,,1,0,0,0,
/Users/dirk/Dropbox/EenEeuwEefde/kerk/E-000-177.jpg,1,1,0,0,1,0,0,0,0,0,0,,,,1,0,0,0,
/Users/dirk/Dropbox/EenEeuwEefde/scheuterdijk/E-000-316.jpg,1,1,0,0,1,0,0,0,0,0,0,,,,1,0,0,0,
/Users/dirk/Dropbox/EenEeuwEefde/kokstraat/E-000-197.jpg,1,1,0,0,1,0,0,0,0,0,0,,,,1,0,0,0,
/Users/dirk/Dropbox/EenEeuwEefde/zutphenseweg/E-000-429.jpg,1,1,0,0,1,0,0,0,0,0,0,,,,1,0,0,0,
/Users/dirk/Dropbox/EenEeuwEefde/kanaal/E-000-129.jpg,1,1,0,0,1,0,0,0,0,0,0,,,,1,0,0,0,
/Users/dirk/Dropbox/EenEeuwEefde/rustoordlaan/E-000-307.jpg,1,1,0,0,1,0,0,0,0,0,0,,,,1,0,0,0,
/Users/dirk/Dropbox/EenEeuwEefde/damlaan/E-000-035.jpg,1,1,0,0,1,0,0,0,0,0,0,,,,1,0,0,0,
/Users/dirk/Dropbox/EenEeuwEefde/kapperallee/E-000-146.jpg,1,1,0,0,1,0,0,0,0,0,0,,,,1,0,0,0,
/Users/dirk/Dropbox/EenEeuwEefde/kapperallee/E-000-152.jpg,1,1,0,0,1,0,0,0,0,0,0,,,,1,0,0,0,
/Users/dirk/Dropbox/EenEeuwEefde/schoolstraat/E-000-342.jpg,1,1,0,0,1,0,0,0,0,0,0,,,,1,0,0,0,
/Users/dirk/Dropbox/EenEeuwEefde/almenseweg/E-000-004.jpg,1,1,0,0,1,0,0,0,0,0,0,,,,1,0,0,0,
/Users/dirk/Dropbox/EenEeuwEefde/boedelhofweg/E-000-027.jpg,1,1,0,0,1,0,0,0,0,0,0,,,,1,0,0,0,
/Users/dirk/Dropbox/EenEeuwEefde/kaart/E-000-120.jpg,1,1,0,0,1,0,0,0,0,0,0,,,,1,0,0,0,
/Users/dirk/Dropbox/EenEeuwEefde/huisdevoorst/E-000-098.jpg,1,1,0,0,1,0,0,0,0,0,0,,,,1,0,0,0,
/Users/dirk/Dropbox/EenEeuwEefde/schoolstraat/E-000-333.jpg,1,1,0,0,1,0,0,0,0,0,0,,,,1,0,0,0,
/Users/dirk/Dropbox/EenEeuwEefde/zutphenseweg/E-000-427.jpg,1,1,0,0,1,0,0,0,0,0,0,,,,1,0,0,0,
/Users/dirk/Dropbox/EenEeuwEefde/zutphenseweg/E-000-416.jpg,1,1,0,0,1,0,0,0,0,0,0,,,,1,0,0,0,
/Users/dirk/Dropbox/EenEeuwEefde/schoolstraat/E-000-344.jpg,1,1,0,0,1,0,0,0,0,0,0,,,,1,0,0,0,
/Users/dirk/Dropbox/EenEeuwEefde/kapperallee/E-000-153.jpg,1,1,0,0,1,0,0,0,0,0,0,,,,1,0,0,0,
/Users/dirk/Dropbox/EenEeuwEefde/molendijk/E-000-271.jpg,1,1,0,0,1,0,0,0,0,0,0,,,,1,0,0,0,
/Users/dirk/Dropbox/EenEeuwEefde/huisdevoorst/E-000-097.jpg,1,1,0,0,1,0,0,0,0,0,0,,,,1,0,0,0,
/Users/dirk/Dropbox/EenEeuwEefde/zutphenseweg/E-000-435.jpg,1,1,0,0,1,0,0,0,0,0,0,,,,1,0,0,0,
/Users/dirk/Dropbox/EenEeuwEefde/schoolstraat/E-000-334.jpg,1,1,0,0,1,0,0,0,0,0,0,,,,1,0,0,0,
/Users/dirk/Dropbox/EenEeuwEefde/damlaan/E-000-046.jpg,1,1,0,0,1,0,0,0,0,0,0,,,,1,0,0,0,
/Users/dirk/Dropbox/EenEeuwEefde/gymnastieklaan/E-000-077.jpg,1,1,0,0,1,0,0,0,0,0,0,,,,1,0,0,0,
/Users/dirk/Dropbox/EenEeuwEefde/zutphenseweg/E-000-432.jpg,1,1,0,0,1,0,0,0,0,0,0,,,,1,0,0,0,
/Users/dirk/Dropbox/EenEeuwEefde/rijksstraatweg/E-000-285.jpg,1,1,0,0,1,0,0,0,0,0,0,,,,1,0,0,0,
/Users/dirk/Dropbox/EenEeuwEefde/rustoordlaan/E-000-302.jpg,1,1,0,0,1,0,0,0,0,0,0,,,,1,0,0,0,
/Users/dirk/Dropbox/EenEeuwEefde/vanderhoevenlaan/E-000-401.jpg,1,1,0,0,1,0,0,0,0,0,0,,,,1,0,0,0,
/Users/dirk/Dropbox/EenEeuwEefde/kapperallee/E-000-157.jpg,1,1,0,0,1,0,0,0,0,0,0,,,,1,0,0,0,
/Users/dirk/Dropbox/EenEeuwEefde/kanaal/E-000-126.jpg,1,1,0,0,1,0,0,0,0,0,0,,,,1,0,0,0,
/Users/dirk/Dropbox/EenEeuwEefde/hoogbarge/E-000-087.jpg,1,1,0,0,1,0,0,0,0,0,0,,,,1,0,0,0,
/Users/dirk/Dropbox/EenEeuwEefde/kapperallee/E-000-156.jpg,1,1,0,0,1,0,0,0,0,0,0,,,,1,0,0,0,
/Users/dirk/Dropbox/EenEeuwEefde/papaverhof/E-000-277.jpg,1,1,0,0,1,0,0,0,0,0,0,,,,1,0,0,0,
/Users/dirk/Dropbox/EenEeuwEefde/dortherdijk/E-000-071.jpg,1,1,0,0,1,0,0,0,0,0,0,,,,1,0,0,0,
/Users/dirk/Dropbox/EenEeuwEefde/molendijk/E-000-270.jpg,1,1,0,0,1,0,0,0,0,0,0,,,,1,0,0,0,
/Users/dirk/Dropbox/EenEeuwEefde/harfsensesteeg/E-000-082.jpg,1,1,0,0,1,0,0,0,0,0,0,,,,1,0,0,0,
/Users/dirk/Dropbox/EenEeuwEefde/mettray/E-000-230.jpg,1,1,0,0,1,0,0,0,0,0,0,,,,1,0,0,0,
/Users/dirk/Dropbox/EenEeuwEefde/damlaan/E-000-038.jpg,1,1,0,0,1,0,0,0,0,0,0,,,,1,0,0,0,
/Users/dirk/Dropbox/EenEeuwEefde/vanderhoevenlaan/E-000-405.jpg,1,1,0,0,1,0,0,0,0,0,0,,,,1,0,0,0,
/Users/dirk/Dropbox/EenEeuwEefde/huisdevoorst/E-000-103.jpg,1,1,0,0,1,0,0,0,0,0,0,,,,1,0,0,0,
/Users/dirk/Dropbox/EenEeuwEefde/kerk/E-000-178.jpg,1,1,0,0,1,0,0,0,0,0,0,,,,1,0,0,0,
/Users/dirk/Dropbox/EenEeuwEefde/kazerne/E-000-172.jpg,1,1,0,0,1,0,0,0,0,0,0,,,,1,0,0,0,
/Users/dirk/Dropbox/EenEeuwEefde/huisdevoorst/E-000-100.jpg,1,1,0,0,1,0,0,0,0,0,0,,,,1,0,0,0,
/Users/dirk/Dropbox/EenEeuwEefde/huisdevoorst/E-000-088.jpg,1,1,0,0,1,0,0,0,0,0,0,,,,1,0,0,0,
/Users/dirk/Dropbox/EenEeuwEefde/sluis/E-000-390.jpg,1,1,0,0,1,0,0,0,0,0,0,,,,1,0,0,0,
/Users/dirk/Dropbox/EenEeuwEefde/kerkpad/E-000-189.jpg,1,1,0,0,1,0,0,0,0,0,0,,,,1,0,0,0,
/Users/dirk/Dropbox/EenEeuwEefde/rijksstraatweg/E-000-291.jpg,1,1,0,0,1,0,0,0,0,0,0,,,,1,0,0,0,
/Users/dirk/Dropbox/EenEeuwEefde/almenseweg/E-000-003.jpg,1,1,0,0,1,0,0,0,0,0,0,,,,1,0,0,0,
/Users/dirk/Dropbox/EenEeuwEefde/rijksstraatweg/E-000-290.jpg,1,1,0,0,1,0,0,0,0,0,0,,,,1,0,0,0,
/Users/dirk/Dropbox/EenEeuwEefde/kapperallee/E-000-145.jpg,1,1,0,0,1,0,0,0,0,0,0,,,,1,0,0,0,
/Users/dirk/Dropbox/EenEeuwEefde/deventerweg/E-000-064.jpg,1,1,0,0,1,0,0,0,0,0,0,,,,1,0,0,0,
/Users/dirk/Dropbox/EenEeuwEefde/zutphenseweg/E-000-437.jpg,1,1,0,0,1,0,0,0,0,0,0,,,,1,0,0,0,
/Users/dirk/Dropbox/EenEeuwEefde/huisdevoorst/E-000-106.jpg,1,1,0,0,1,0,0,0,0,0,0,,,,1,0,0,0,
/Users/dirk/Dropbox/EenEeuwEefde/deventerweg/E-000-056.jpg,1,1,0,0,1,0,0,0,0,0,0,,,,1,0,0,0,
/Users/dirk/Dropbox/EenEeuwEefde/rustoordlaan/E-000-314.jpg,1,1,0,0,1,0,0,0,0,0,0,,,,1,0,0,0,
/Users/dirk/Dropbox/EenEeuwEefde/deventerweg/E-000-053.jpg,1,1,0,0,1,0,0,0,0,0,0,,,,1,0,0,0,
/Users/dirk/Dropbox/EenEeuwEefde/deventerweg/E-000-062.jpg,1,1,0,0,1,0,0,0,0,0,0,,,,1,0,0,0,
/Users/dirk/Dropbox/EenEeuwEefde/schoolstraat/E-000-349.jpg,1,1,0,0,1,0,0,0,0,0,0,,,,1,0,0,0,
/Users/dirk/Dropbox/EenEeuwEefde/rustoordlaan/E-000-304.jpg,1,1,0,0,1,0,0,0,0,0,0,,,,1,0,0,0,
/Users/dirk/Dropbox/EenEeuwEefde/lagelochemseweg/E-000-213.jpg,1,1,0,0,1,0,0,0,0,0,0,,,,1,0,0,0,
/Users/dirk/Dropbox/EenEeuwEefde/kapperallee/E-000-166.jpg,1,1,0,0,1,0,0,0,0,0,0,,,,1,0,0,0,
/Users/dirk/Dropbox/EenEeuwEefde/zutphenseweg/E-000-415.jpg,1,1,0,0,1,0,0,0,0,0,0,,,,1,0,0,0,
/Users/dirk/Dropbox/EenEeuwEefde/mettray/E-000-218.jpg,1,1,0,0,1,0,0,0,0,0,0,,,,1,0,0,0,
/Users/dirk/Dropbox/EenEeuwEefde/startdijk/E-000-400.jpg,1,1,0,0,1,0,0,0,0,0,0,,,,1,0,0,0,
/Users/dirk/Dropbox/EenEeuwEefde/kapperallee/E-000-138.jpg,1,1,0,0,1,0,0,0,0,0,0,,,,1,0,0,0,
/Users/dirk/Dropbox/EenEeuwEefde/molendijk/E-000-269.jpg,1,1,0,0,1,0,0,0,0,0,0,,,,1,0,0,0,
/Users/dirk/Dropbox/EenEeuwEefde/rijksstraatweg/E-000-282.jpg,1,1,0,0,1,0,0,0,0,0,0,,,,1,0,0,0,
/Users/dirk/Dropbox/EenEeuwEefde/mettray/E-000-222.jpg,1,1,0,0,1,0,0,0,0,0,0,,,,1,0,0,0,
/Users/dirk/Dropbox/EenEeuwEefde/schoolstraat/E-000-338.jpg,1,1,0,0,1,0,0,0,0,0,0,,,,1,0,0,0,
/Users/dirk/Dropbox/EenEeuwEefde/sluis/E-000-384.jpg,1,1,0,0,1,0,0,0,0,0,0,,,,1,0,0,0,
/Users/dirk/Dropbox/EenEeuwEefde/schoolstraat/E-000-331.jpg,1,1,0,0,1,0,0,0,0,0,0,,,,1,0,0,0,
/Users/dirk/Dropbox/EenEeuwEefde/boedelhofweg/E-000-013.jpg,1,1,0,0,1,0,0,0,0,0,0,,,,1,0,0,0,
/Users/dirk/Dropbox/EenEeuwEefde/laatstestuiver/E-000-207.jpg,1,1,0,0,1,0,0,0,0,0,0,,,,1,0,0,0,
/Users/dirk/Dropbox/EenEeuwEefde/sluis/E-000-389.jpg,1,1,0,0,1,0,0,0,0,0,0,,,,1,0,0,0,
/Users/dirk/Dropbox/EenEeuwEefde/laatstestuiver/E-000-202.jpg,1,1,0,0,1,0,0,0,0,0,0,,,,1,0,0,0,
/Users/dirk/Dropbox/EenEeuwEefde/papaverhof/E-000-276.jpg,1,1,0,0,1,0,0,0,0,0,0,,,,1,0,0,0,
/Users/dirk/Dropbox/EenEeuwEefde/molendijk/E-000-273.jpg,1,1,0,0,1,0,0,0,0,0,0,,,,1,0,0,0,
/Users/dirk/Dropbox/EenEeuwEefde/rustoordlaan/E-000-301.jpg,1,1,0,0,1,0,0,0,0,0,0,,,,1,0,0,0,
/Users/dirk/Dropbox/EenEeuwEefde/huisdevoorst/E-000-093.jpg,1,1,0,0,1,0,0,0,0,0,0,,,,1,0,0,0,
/Users/dirk/Dropbox/EenEeuwEefde/scheuterdijk/E-000-318.jpg,1,1,0,0,1,0,0,0,0,0,0,,,,1,0,0,0,
/Users/dirk/Dropbox/EenEeuwEefde/mettray/E-000-258.jpg,1,1,0,0,1,0,0,0,0,0,0,,,,1,0,0,0,
/Users/dirk/Dropbox/EenEeuwEefde/kokstraat/E-000-195.jpg,1,1,0,0,1,0,0,0,0,0,0,,,,1,0,0,0,
/Users/dirk/Dropbox/EenEeuwEefde/kapperallee/E-000-142.jpg,1,1,0,0,1,0,0,0,0,0,0,,,,1,0,0,0,
/Users/dirk/Dropbox/EenEeuwEefde/mettray/E-000-254.jpg,1,1,0,0,1,0,0,0,0,0,0,,,,1,0,0,0,
/Users/dirk/Dropbox/EenEeuwEefde/sluis/E-000-362.jpg,1,1,0,0,1,0,0,0,0,0,0,,,,1,0,0,0,
/Users/dirk/Dropbox/EenEeuwEefde/rijksstraatweg/E-000-286.jpg,1,1,0,0,1,0,0,0,0,0,0,,,,1,0,0,0,
/Users/dirk/Dropbox/EenEeuwEefde/sluis/E-000-363.jpg,1,1,0,0,1,0,0,0,0,0,0,,,,1,0,0,0,
/Users/dirk/Dropbox/EenEeuwEefde/schoolstraat/E-000-337.jpg,1,1,0,0,1,0,0,0,0,0,0,,,,1,0,0,0,
/Users/dirk/Dropbox/EenEeuwEefde/beekweide/E-000-010.jpg,1,1,0,0,1,0,0,0,0,0,0,,,,1,0,0,0,
/Users/dirk/Dropbox/EenEeuwEefde/kokstraat/E-000-193.jpg,1,1,0,0,1,0,0,0,0,0,0,,,,1,0,0,0,
/Users/dirk/Dropbox/EenEeuwEefde/hulzerdijk/E-000-115.jpg,1,1,0,0,1,0,0,0,0,0,0,,,,1,0,0,0,
/Users/dirk/Dropbox/EenEeuwEefde/nachtegaalstraat/E-000-274.jpg,1,1,0,0,1,0,0,0,0,0,0,,,,1,0,0,0,
/Users/dirk/Dropbox/EenEeuwEefde/boedelhofweg/E-000-020.jpg,1,1,0,0,1,0,0,0,0,0,0,,,,1,0,0,0,
/Users/dirk/Dropbox/EenEeuwEefde/zutphenseweg/E-000-425.jpg,1,1,0,0,1,0,0,0,0,0,0,,,,1,0,0,0,
/Users/dirk/Dropbox/EenEeuwEefde/kokstraat/E-000-194.jpg,1,1,0,0,1,0,0,0,0,0,0,,,,1,0,0,0,
/Users/dirk/Dropbox/EenEeuwEefde/huisdevoorst/E-000-111.jpg,1,1,0,0,1,0,0,0,0,0,0,,,,1,0,0,0,
/Users/dirk/Dropbox/EenEeuwEefde/laatstestuiver/E-000-212.jpg,1,1,0,0,1,0,0,0,0,0,0,,,,1,0,0,0,
/Users/dirk/Dropbox/EenEeuwEefde/almenseweg/E-000-008.jpg,1,1,0,0,1,0,0,0,0,0,0,,,,1,0,0,0,
/Users/dirk/Dropbox/EenEeuwEefde/mettray/E-000-266.jpg,1,1,0,0,1,0,0,0,0,0,0,,,,1,0,0,0,
/Users/dirk/Dropbox/EenEeuwEefde/kaart/E-000-121.jpg,1,1,0,0,1,0,0,0,0,0,0,,,,1,0,0,0,
/Users/dirk/Dropbox/EenEeuwEefde/rustoordlaan/E-000-313.jpg,1,1,0,0,1,0,0,0,0,0,0,,,,1,0,0,0,
/Users/dirk/Dropbox/EenEeuwEefde/nachtegaalstraat/E-000-272.jpg,1,1,0,0,1,0,0,0,0,0,0,,,,1,0,0,0,
/Users/dirk/Dropbox/EenEeuwEefde/zutphenseweg/E-000-419.jpg,1,1,0,0,1,0,0,0,0,0,0,,,,1,0,0,0,
/Users/dirk/Dropbox/EenEeuwEefde/schurinklaan/E-000-354.jpg,1,1,0,0,1,0,0,0,0,0,0,,,,1,0,0,0,
/Users/dirk/Dropbox/EenEeuwEefde/boedelhofweg/E-000-014.jpg,1,1,0,0,1,0,0,0,0,0,0,,,,1,0,0,0,
/Users/dirk/Dropbox/EenEeuwEefde/mettray/E-000-242.jpg,1,1,0,0,1,0,0,0,0,0,0,,,,1,0,0,0,
/Users/dirk/Dropbox/EenEeuwEefde/kapperallee/E-000-136.jpg,1,1,0,0,1,0,0,0,0,0,0,,,,1,0,0,0,
/Users/dirk/Dropbox/EenEeuwEefde/schoolstraat/E-000-325.jpg,1,1,0,0,1,0,0,0,0,0,0,,,,1,0,0,0,
/Users/dirk/Dropbox/EenEeuwEefde/huisdevoorst/E-000-108.jpg,1,1,0,0,1,0,0,0,0,0,0,,,,1,0,0,0,
/Users/dirk/Dropbox/EenEeuwEefde/zutphenseweg/E-000-428.jpg,1,1,0,0,1,0,0,0,0,0,0,,,,1,0,0,0,
/Users/dirk/Dropbox/EenEeuwEefde/schoolstraat/E-000-347.jpg,1,1,0,0,1,0,0,0,0,0,0,,,,1,0,0,0,
/Users/dirk/Dropbox/EenEeuwEefde/schoolstraat/E-000-353.jpg,1,1,0,0,1,0,0,0,0,0,0,,,,1,0,0,0,
/Users/dirk/Dropbox/EenEeuwEefde/schoolstraat/E-000-321.jpg,1,1,0,0,1,0,0,0,0,0,0,,,,1,0,0,0,
/Users/dirk/Dropbox/EenEeuwEefde/meijerinkstraat/E-000-215.jpg,1,1,0,0,1,0,0,0,0,0,0,,,,1,0,0,0,
/Users/dirk/Dropbox/EenEeuwEefde/elzerdijk/E-000-076.jpg,1,1,0,0,1,0,0,0,0,0,0,,,,1,0,0,0,
/Users/dirk/Dropbox/EenEeuwEefde/kazernestraat/E-000-174.jpg,1,1,0,0,1,0,0,0,0,0,0,,,,1,0,0,0,
/Users/dirk/Dropbox/EenEeuwEefde/kapperallee/E-000-159.jpg,1,1,0,0,1,0,0,0,0,0,0,,,,1,0,0,0,
/Users/dirk/Dropbox/EenEeuwEefde/kapperallee/E-000-149.jpg,1,1,0,0,1,0,0,0,0,0,0,,,,1,0,0,0,
/Users/dirk/Dropbox/EenEeuwEefde/kapperallee/E-000-139.jpg,1,1,0,0,1,0,0,0,0,0,0,,,,1,0,0,0,
/Users/dirk/Dropbox/EenEeuwEefde/boedelhofweg/E-000-025.jpg,1,1,0,0,1,0,0,0,0,0,0,,,,1,0,0,0,
/Users/dirk/Dropbox/EenEeuwEefde/kapperallee/E-000-160.jpg,1,1,0,0,1,0,0,0,0,0,0,,,,1,0,0,0,
/Users/dirk/Dropbox/EenEeuwEefde/schoolstraat/E-000-329.jpg,1,1,0,0,1,0,0,0,0,0,0,,,,1,0,0,0,
/Users/dirk/Dropbox/EenEeuwEefde/huisdevoorst/E-000-090.jpg,1,1,0,0,1,0,0,0,0,0,0,,,,1,0,0,0,
/Users/dirk/Dropbox/EenEeuwEefde/sluis/E-000-359.jpg,1,1,0,0,1,0,0,0,0,0,0,,,,1,0,0,0,
/Users/dirk/Dropbox/EenEeuwEefde/kanaal/E-000-130.jpg,1,1,0,0,1,0,0,0,0,0,0,,,,1,0,0,0,
/Users/dirk/Dropbox/EenEeuwEefde/kapperallee/E-000-135.jpg,1,1,0,0,1,0,0,0,0,0,0,,,,1,0,0,0,
/Users/dirk/Dropbox/EenEeuwEefde/mettray/E-000-225.jpg,1,1,0,0,1,0,0,0,0,0,0,,,,1,0,0,0,
/Users/dirk/Dropbox/EenEeuwEefde/mettray/E-000-262.jpg,1,1,0,0,1,0,0,0,0,0,0,,,,1,0,0,0,
/Users/dirk/Dropbox/EenEeuwEefde/deventerweg/E-000-063.jpg,1,1,0,0,1,0,0,0,0,0,0,,,,1,0,0,0,
/Users/dirk/Dropbox/EenEeuwEefde/mettray/E-000-238.jpg,1,1,0,0,1,0,0,0,0,0,0,,,,1,0,0,0,
/Users/dirk/Dropbox/EenEeuwEefde/huisdevoorst/E-000-095.jpg,1,1,0,0,1,0,0,0,0,0,0,,,,1,0,0,0,
/Users/dirk/Dropbox/EenEeuwEefde/mettray/E-000-249.jpg,1,1,0,0,1,0,0,0,0,0,0,,,,1,0,0,0,
/Users/dirk/Dropbox/EenEeuwEefde/boedelhofweg/E-000-026.jpg,1,1,0,0,1,0,0,0,0,0,0,,,,1,0,0,0,
/Users/dirk/Dropbox/EenEeuwEefde/huisdevoorst/E-000-114.jpg,1,1,0,0,1,0,0,0,0,0,0,,,,1,0,0,0,
/Users/dirk/Dropbox/EenEeuwEefde/mettray/E-000-261.jpg,1,1,0,0,1,0,0,0,0,0,0,,,,1,0,0,0,
/Users/dirk/Dropbox/EenEeuwEefde/schoolstraat/E-000-341.jpg,1,1,0,0,1,0,0,0,0,0,0,,,,1,0,0,0,
/Users/dirk/Dropbox/EenEeuwEefde/kapperallee/E-000-144.jpg,1,1,0,0,1,0,0,0,0,0,0,,,,1,0,0,0,
/Users/dirk/Dropbox/EenEeuwEefde/boedelhofweg/E-000-023.jpg,1,1,0,0,1,0,0,0,0,0,0,,,,1,0,0,0,
/Users/dirk/Dropbox/EenEeuwEefde/rustoordlaan/E-000-309.jpg,1,1,0,0,1,0,0,0,0,0,0,,,,1,0,0,0,
/Users/dirk/Dropbox/EenEeuwEefde/mettray/E-000-264.jpg,1,1,0,0,1,0,0,0,0,0,0,,,,1,0,0,0,
/Users/dirk/Dropbox/EenEeuwEefde/zutphenseweg/E-000-434.jpg,1,1,0,0,1,0,0,0,0,0,0,,,,1,0,0,0,
/Users/dirk/Dropbox/EenEeuwEefde/mettray/E-000-239.jpg,1,1,0,0,1,0,0,0,0,0,0,,,,1,0,0,0,
/Users/dirk/Dropbox/EenEeuwEefde/rijksstraatweg/E-000-287.jpg,1,1,0,0,1,0,0,0,0,0,0,,,,1,0,0,0,
/Users/dirk/Dropbox/EenEeuwEefde/sluis/E-000-393.jpg,1,1,0,0,1,0,0,0,0,0,0,,,,1,0,0,0,
/Users/dirk/Dropbox/EenEeuwEefde/zutphenseweg/E-000-421.jpg,1,1,0,0,1,0,0,0,0,0,0,,,,1,0,0,0,
/Users/dirk/Dropbox/EenEeuwEefde/schoolstraat/E-000-348.jpg,1,1,0,0,1,0,0,0,0,0,0,,,,1,0,0,0,
/Users/dirk/Dropbox/EenEeuwEefde/huisdevoorst/E-000-112.jpg,1,1,0,0,1,0,0,0,0,0,0,,,,1,0,0,0,
/Users/dirk/Dropbox/EenEeuwEefde/deventerweg/E-000-048.jpg,1,1,0,0,1,0,0,0,0,0,0,,,,1,0,0,0,
/Users/dirk/Dropbox/EenEeuwEefde/deventerweg/E-000-066.jpg,1,1,0,0,1,0,0,0,0,0,0,,,,1,0,0,0,
/Users/dirk/Dropbox/EenEeuwEefde/sluis/E-000-369.jpg,1,1,0,0,1,0,0,0,0,0,0,,,,1,0,0,0,
/Users/dirk/Dropbox/EenEeuwEefde/beekweide/E-000-012.jpg,1,1,0,0,1,0,0,0,0,0,0,,,,1,0,0,0,
/Users/dirk/Dropbox/EenEeuwEefde/schoolstraat/E-000-326.jpg,1,1,0,0,1,0,0,0,0,0,0,,,,1,0,0,0,
/Users/dirk/Dropbox/EenEeuwEefde/dortherdijk/E-000-072.jpg,1,1,0,0,1,0,0,0,0,0,0,,,,1,0,0,0,
/Users/dirk/Dropbox/EenEeuwEefde/rustoordlaan/E-000-292.jpg,1,1,0,0,1,0,0,0,0,0,0,,,,1,0,0,0,
/Users/dirk/Dropbox/EenEeuwEefde/beekweide/E-000-011.jpg,1,1,0,0,1,0,0,0,0,0,0,,,,1,0,0,0,
/Users/dirk/Dropbox/EenEeuwEefde/mettray/E-000-253.jpg,1,1,0,0,1,0,0,0,0,0,0,,,,1,0,0,0,
/Users/dirk/Dropbox/EenEeuwEefde/huisdevoorst/E-000-091.jpg,1,1,0,0,1,0,0,0,0,0,0,,,,1,0,0,0,
/Users/dirk/Dropbox/EenEeuwEefde/mettray/E-000-227.jpg,1,1,0,0,1,0,0,0,0,0,0,,,,1,0,0,0,
/Users/dirk/Dropbox/EenEeuwEefde/sluis/E-000-373.jpg,1,1,0,0,1,0,0,0,0,0,0,,,,1,0,0,0,
/Users/dirk/Dropbox/EenEeuwEefde/huisdevoorst/E-000-094.jpg,1,1,0,0,1,0,0,0,0,0,0,,,,1,0,0,0,
/Users/dirk/Dropbox/EenEeuwEefde/schoolstraat/E-000-330.jpg,1,1,0,0,1,0,0,0,0,0,0,,,,1,0,0,0,
/Users/dirk/Dropbox/EenEeuwEefde/kapperallee/E-000-143.jpg,1,1,0,0,1,0,0,0,0,0,0,,,,1,0,0,0,
/Users/dirk/Dropbox/EenEeuwEefde/zutphenseweg/E-000-417.jpg,1,1,0,0,1,0,0,0,0,0,0,,,,1,0,0,0,
/Users/dirk/Dropbox/EenEeuwEefde/voorsterallee/E-000-409.jpg,1,1,0,0,1,0,0,0,0,0,0,,,,1,0,0,0,
/Users/dirk/Dropbox/EenEeuwEefde/kapperallee/E-000-161.jpg,1,1,0,0,1,0,0,0,0,0,0,,,,1,0,0,0,
/Users/dirk/Dropbox/EenEeuwEefde/kazernestraat/E-000-176.jpg,1,1,0,0,1,0,0,0,0,0,0,,,,1,0,0,0,
/Users/dirk/Dropbox/EenEeuwEefde/mettray/E-000-219.jpg,1,1,0,0,1,0,0,0,0,0,0,,,,1,0,0,0,
/Users/dirk/Dropbox/EenEeuwEefde/reeverdijk/E-000-279.jpg,1,1,0,0,1,0,0,0,0,0,0,,,,1,0,0,0,
/Users/dirk/Dropbox/EenEeuwEefde/kapperallee/E-000-165.jpg,1,1,0,0,1,0,0,0,0,0,0,,,,1,0,0,0,
/Users/dirk/Dropbox/EenEeuwEefde/zutphenseweg/E-000-424.jpg,1,1,0,0,1,0,0,0,0,0,0,,,,1,0,0,0,
/Users/dirk/Dropbox/EenEeuwEefde/mettray/E-000-265.jpg,1,1,0,0,1,0,0,0,0,0,0,,,,1,0,0,0,
/Users/dirk/Dropbox/EenEeuwEefde/schoolstraat/E-000-339.jpg,1,1,0,0,1,0,0,0,0,0,0,,,,1,0,0,0,
/Users/dirk/Dropbox/EenEeuwEefde/rustoordlaan/E-000-295.jpg,1,1,0,0,1,0,0,0,0,0,0,,,,1,0,0,0,
/Users/dirk/Dropbox/EenEeuwEefde/rustoordlaan/E-000-310.jpg,1,1,0,0,1,0,0,0,0,0,0,,,,1,0,0,0,
/Users/dirk/Dropbox/EenEeuwEefde/deventerweg/E-000-055.jpg,1,1,0,0,1,0,0,0,0,0,0,,,,1,0,0,0,
/Users/dirk/Dropbox/EenEeuwEefde/kerklaan/E-000-186.jpg,1,1,0,0,1,0,0,0,0,0,0,,,,1,0,0,0,
/Users/dirk/Dropbox/EenEeuwEefde/dortherdijk/E-000-070.jpg,1,1,0,0,1,0,0,0,0,0,0,,,,1,0,0,0,
/Users/dirk/Dropbox/EenEeuwEefde/sluis/E-000-360.jpg,1,1,0,0,1,0,0,0,0,0,0,,,,1,0,0,0,
/Users/dirk/Dropbox/EenEeuwEefde/zutphenseweg/E-000-423.jpg,1,1,0,0,1,0,0,0,0,0,0,,,,1,0,0,0,
/Users/dirk/Dropbox/EenEeuwEefde/damlaan/E-000-032.jpg,1,1,0,0,1,0,0,0,0,0,0,,,,1,0,0,0,
/Users/dirk/Dropbox/EenEeuwEefde/rustoordlaan/E-000-297.jpg,1,1,0,0,1,0,0,0,0,0,0,,,,1,0,0,0,
/Users/dirk/Dropbox/EenEeuwEefde/laatstestuiver/E-000-206.jpg,1,1,0,0,1,0,0,0,0,0,0,,,,1,0,0,0,
/Users/dirk/Dropbox/EenEeuwEefde/vanderhoevenlaan/E-000-408.jpg,1,1,0,0,1,0,0,0,0,0,0,,,,1,0,0,0,
/Users/dirk/Dropbox/EenEeuwEefde/spoorbrug/E-000-399.jpg,1,1,0,0,1,0,0,0,0,0,0,,,,1,0,0,0,
/Users/dirk/Dropbox/EenEeuwEefde/dortherdijk/E-000-069.jpg,1,1,0,0,1,0,0,0,0,0,0,,,,1,0,0,0,
/Users/dirk/Dropbox/EenEeuwEefde/kerkpad/E-000-192.jpg,1,1,0,0,1,0,0,0,0,0,0,,,,1,0,0,0,
/Users/dirk/Dropbox/EenEeuwEefde/huisdevoorst/E-000-099.jpg,1,1,0,0,1,0,0,0,0,0,0,,,,1,0,0,0,
/Users/dirk/Dropbox/EenEeuwEefde/boedelhofweg/E-000-017.jpg,1,1,0,0,1,0,0,0,0,0,0,,,,1,0,0,0,
/Users/dirk/Dropbox/EenEeuwEefde/mettray/E-000-251.jpg,1,1,0,0,1,0,0,0,0,0,0,,,,1,0,0,0,
/Users/dirk/Dropbox/EenEeuwEefde/sluis/E-000-385.jpg,1,1,0,0,1,0,0,0,0,0,0,,,,1,0,0,0,
/Users/dirk/Dropbox/EenEeuwEefde/rustoordlaan/E-000-315.jpg,1,1,0,0,1,0,0,0,0,0,0,,,,1,0,0,0,
/Users/dirk/Dropbox/EenEeuwEefde/zutphenseweg/E-000-430.jpg,1,1,0,0,1,0,0,0,0,0,0,,,,1,0,0,0,
/Users/dirk/Dropbox/EenEeuwEefde/damlaan/E-000-039.jpg,1,1,0,0,1,0,0,0,0,0,0,,,,1,0,0,0,
/Users/dirk/Dropbox/EenEeuwEefde/mettray/E-000-257.jpg,1,1,0,0,1,0,0,0,0,0,0,,,,1,0,0,0,
/Users/dirk/Dropbox/EenEeuwEefde/mettray/E-000-250.jpg,1,1,0,0,1,0,0,0,0,0,0,,,,1,0,0,0,
/Users/dirk/Dropbox/EenEeuwEefde/mettray/E-000-228.jpg,1,1,0,0,1,0,0,0,0,0,0,,,,1,0,0,0,
/Users/dirk/Dropbox/EenEeuwEefde/schoolstraat/E-000-328.jpg,1,1,0,0,1,0,0,0,0,0,0,,,,1,0,0,0,
/Users/dirk/Dropbox/EenEeuwEefde/mettray/E-000-244.jpg,1,1,0,0,1,0,0,0,0,0,0,,,,1,0,0,0,
/Users/dirk/Dropbox/EenEeuwEefde/kapperallee/E-000-170.jpg,1,1,0,0,1,0,0,0,0,0,0,,,,1,0,0,0,
/Users/dirk/Dropbox/EenEeuwEefde/damlaan/E-000-037.jpg,1,1,0,0,1,0,0,0,0,0,0,,,,1,0,0,0,
/Users/dirk/Dropbox/EenEeuwEefde/kaart/E-000-125.jpg,1,1,0,0,1,0,0,0,0,0,0,,,,1,0,0,0,
/Users/dirk/Dropbox/EenEeuwEefde/spoorbrug/E-000-395.jpg,1,1,0,0,1,0,0,0,0,0,0,,,,1,0,0,0,
/Users/dirk/Dropbox/EenEeuwEefde/kapperallee/E-000-150.jpg,1,1,0,0,1,0,0,0,0,0,0,,,,1,0,0,0,
/Users/dirk/Dropbox/EenEeuwEefde/sluis/E-000-368.jpg,1,1,0,0,1,0,0,0,0,0,0,,,,1,0,0,0,
/Users/dirk/Dropbox/EenEeuwEefde/kaart/E-000-119.jpg,1,1,0,0,1,0,0,0,0,0,0,,,,1,0,0,0,
/Users/dirk/Dropbox/EenEeuwEefde/damlaan/E-000-031.jpg,1,1,0,0,1,0,0,0,0,0,0,,,,1,0,0,0,
/Users/dirk/Dropbox/EenEeuwEefde/huisdevoorst/E-000-096.jpg,1,1,0,0,1,0,0,0,0,0,0,,,,1,0,0,0,
/Users/dirk/Dropbox/EenEeuwEefde/kapperallee/E-000-155.jpg,1,1,0,0,1,0,0,0,0,0,0,,,,1,0,0,0,
/Users/dirk/Dropbox/EenEeuwEefde/mettray/E-000-245.jpg,1,1,0,0,1,0,0,0,0,0,0,,,,1,0,0,0,
/Users/dirk/Dropbox/EenEeuwEefde/kazerne/E-000-171.jpg,1,1,0,0,1,0,0,0,0,0,0,,,,1,0,0,0,
/Users/dirk/Dropbox/EenEeuwEefde/mettray/E-000-229.jpg,1,1,0,0,1,0,0,0,0,0,0,,,,1,0,0,0,
/Users/dirk/Dropbox/EenEeuwEefde/sluis/E-000-391.jpg,1,1,0,0,1,0,0,0,0,0,0,,,,1,0,0,0,
/Users/dirk/Dropbox/EenEeuwEefde/gymnastieklaan/E-000-080.jpg,1,1,0,0,1,0,0,0,0,0,0,,,,1,0,0,0,
/Users/dirk/Dropbox/EenEeuwEefde/mettray/E-000-252.jpg,1,1,0,0,1,0,0,0,0,0,0,,,,1,0,0,0,
/Users/dirk/Dropbox/EenEeuwEefde/kapperallee/E-000-148.jpg,1,1,0,0,1,0,0,0,0,0,0,,,,1,0,0,0,
/Users/dirk/Dropbox/EenEeuwEefde/mettray/E-000-233.jpg,1,1,0,0,1,0,0,0,0,0,0,,,,1,0,0,0,
/Users/dirk/Dropbox/EenEeuwEefde/mettray/E-000-216.jpg,1,1,0,0,1,0,0,0,0,0,0,,,,1,0,0,0,
/Users/dirk/Dropbox/EenEeuwEefde/sluis/E-000-382.jpg,1,1,0,0,1,0,0,0,0,0,0,,,,1,0,0,0,
/Users/dirk/Dropbox/EenEeuwEefde/vanderhoevenlaan/E-000-407.jpg,1,1,0,0,1,0,0,0,0,0,0,,,,1,0,0,0,
/Users/dirk/Dropbox/EenEeuwEefde/deventerweg/E-000-068.jpg,1,1,0,0,1,0,0,0,0,0,0,,,,1,0,0,0,
/Users/dirk/Dropbox/EenEeuwEefde/mettray/E-000-263.jpg,1,1,0,0,1,0,0,0,0,0,0,,,,1,0,0,0,
/Users/dirk/Dropbox/EenEeuwEefde/sluis/E-000-375.jpg,1,1,0,0,1,0,0,0,0,0,0,,,,1,0,0,0,
/Users/dirk/Dropbox/EenEeuwEefde/kapperallee/E-000-137.jpg,1,1,0,0,1,0,0,0,0,0,0,,,,1,0,0,0,
/Users/dirk/Dropbox/EenEeuwEefde/mettrayweg/E-000-267.jpg,1,1,0,0,1,0,0,0,0,0,0,,,,1,0,0,0,
/Users/dirk/Dropbox/EenEeuwEefde/deventerweg/E-000-059.jpg,1,1,0,0,1,0,0,0,0,0,0,,,,1,0,0,0,
/Users/dirk/Dropbox/EenEeuwEefde/damlaan/E-000-045.jpg,1,1,0,0,1,0,0,0,0,0,0,,,,1,0,0,0,
/Users/dirk/Dropbox/EenEeuwEefde/schoolstraat/E-000-327.jpg,1,1,0,0,1,0,0,0,0,0,0,,,,1,0,0,0,
/Users/dirk/Dropbox/EenEeuwEefde/reeverdijk/E-000-281.jpg,1,1,0,0,1,0,0,0,0,0,0,,,,1,0,0,0,
/Users/dirk/Dropbox/EenEeuwEefde/damlaan/E-000-034.jpg,1,1,0,0,1,0,0,0,0,0,0,,,,1,0,0,0,
/Users/dirk/Dropbox/EenEeuwEefde/mettray/E-000-226.jpg,1,1,0,0,1,0,0,0,0,0,0,,,,1,0,0,0,
/Users/dirk/Dropbox/EenEeuwEefde/boedelhofweg/E-000-019.jpg,1,1,0,0,1,0,0,0,0,0,0,,,,1,0,0,0,
/Users/dirk/Dropbox/EenEeuwEefde/boedelhofweg/E-000-024.jpg,1,1,0,0,1,0,0,0,0,0,0,,,,1,0,0,0,
/Users/dirk/Dropbox/EenEeuwEefde/mettray/E-000-234.jpg,1,1,0,0,1,0,0,0,0,0,0,,,,1,0,0,0,
/Users/dirk/Dropbox/EenEeuwEefde/kerklaan/E-000-183.jpg,1,1,0,0,1,0,0,0,0,0,0,,,,1,0,0,0,
/Users/dirk/Dropbox/EenEeuwEefde/deventerweg/E-000-052.jpg,1,1,0,0,1,0,0,0,0,0,0,,,,1,0,0,0,
/Users/dirk/Dropbox/EenEeuwEefde/zutphenseweg/E-000-436.jpg,1,1,0,0,1,0,0,0,0,0,0,,,,1,0,0,0,
/Users/dirk/Dropbox/EenEeuwEefde/almenseweg/E-000-009.jpg,1,1,0,0,1,0,0,0,0,0,0,,,,1,0,0,0,
/Users/dirk/Dropbox/EenEeuwEefde/huisdevoorst/E-000-102.jpg,1,1,0,0,1,0,0,0,0,0,0,,,,1,0,0,0,
/Users/dirk/Dropbox/EenEeuwEefde/almenseweg/E-000-001.jpg,1,1,0,0,1,0,0,0,0,0,0,,,,1,0,0,0,
/Users/dirk/Dropbox/EenEeuwEefde/huisdevoorst/E-000-110.jpg,1,1,0,0,1,0,0,0,0,0,0,,,,1,0,0,0,
/Users/dirk/Dropbox/EenEeuwEefde/kaart/E-000-116.jpg,1,1,0,0,1,0,0,0,0,0,0,,,,1,0,0,0,
/Users/dirk/Dropbox/EenEeuwEefde/rustoordlaan/E-000-294.jpg,1,1,0,0,1,0,0,0,0,0,0,,,,1,0,0,0,
/Users/dirk/Dropbox/EenEeuwEefde/deventerweg/E-000-049.jpg,1,1,0,0,1,0,0,0,0,0,0,,,,1,0,0,0,
/Users/dirk/Dropbox/EenEeuwEefde/huisdevoorst/E-000-113.jpg,1,1,0,0,1,0,0,0,0,0,0,,,,1,0,0,0,
/Users/dirk/Dropbox/EenEeuwEefde/mettray/E-000-246.jpg,1,1,0,0,1,0,0,0,0,0,0,,,,1,0,0,0,
/Users/dirk/Dropbox/EenEeuwEefde/damlaan/E-000-040.jpg,1,1,0,0,1,0,0,0,0,0,0,,,,1,0,0,0,
/Users/dirk/Dropbox/EenEeuwEefde/kerk/E-000-181.jpg,1,1,0,0,1,0,0,0,0,0,0,,,,1,0,0,0,
/Users/dirk/Dropbox/EenEeuwEefde/mettray/E-000-260.jpg,1,1,0,0,1,0,0,0,0,0,0,,,,1,0,0,0,
/Users/dirk/Dropbox/EenEeuwEefde/hoogbarge/E-000-081.jpg,1,1,0,0,1,0,0,0,0,0,0,,,,1,0,0,0,
/Users/dirk/Dropbox/EenEeuwEefde/schoolstraat/E-000-343.jpg,1,1,0,0,1,0,0,0,0,0,0,,,,1,0,0,0,
/Users/dirk/Dropbox/EenEeuwEefde/boedelhofweg/E-000-016.jpg,1,1,0,0,1,0,0,0,0,0,0,,,,1,0,0,0,
/Users/dirk/Dropbox/EenEeuwEefde/mettray/E-000-259.jpg,1,1,0,0,1,0,0,0,0,0,0,,,,1,0,0,0,
/Users/dirk/Dropbox/EenEeuwEefde/mettray/E-000-247.jpg,1,1,0,0,1,0,0,0,0,0,0,,,,1,0,0,0,
/Users/dirk/Dropbox/EenEeuwEefde/oranjelaan/E-000-275.jpg,1,1,0,0,1,0,0,0,0,0,0,,,,1,0,0,0,
/Users/dirk/Dropbox/EenEeuwEefde/zutphenseweg/E-000-420.jpg,1,1,0,0,1,0,0,0,0,0,0,,,,1,0,0,0,
/Users/dirk/Dropbox/EenEeuwEefde/huisdevoorst/E-000-092.jpg,1,1,0,0,1,0,0,0,0,0,0,,,,1,0,0,0,
/Users/dirk/Dropbox/EenEeuwEefde/sluis/E-000-361.jpg,1,1,0,0,1,0,0,0,0,0,0,,,,1,0,0,0,
/Users/dirk/Dropbox/EenEeuwEefde/zutphenseweg/E-000-418.jpg,1,1,0,0,1,0,0,0,0,0,0,,,,1,0,0,0,
/Users/dirk/Dropbox/EenEeuwEefde/schurinklaan/E-000-356.jpg,1,1,0,0,1,0,0,0,0,0,0,,,,1,0,0,0,
/Users/dirk/Dropbox/EenEeuwEefde/kapperallee/E-000-134.jpg,1,1,0,0,1,0,0,0,0,0,0,,,,1,0,0,0,
/Users/dirk/Dropbox/EenEeuwEefde/schoolstraat/E-000-322.jpg,1,1,0,0,1,0,0,0,0,0,0,,,,1,0,0,0,
/Users/dirk/Dropbox/EenEeuwEefde/rustoordlaan/E-000-298.jpg,1,1,0,0,1,0,0,0,0,0,0,,,,1,0,0,0,
/Users/dirk/Dropbox/EenEeuwEefde/reeverdijk/E-000-278.jpg,1,1,0,0,1,0,0,0,0,0,0,,,,1,0,0,0,
/Users/dirk/Dropbox/EenEeuwEefde/sluis/E-000-371.jpg,1,1,0,0,1,0,0,0,0,0,0,,,,1,0,0,0,
/Users/dirk/Dropbox/EenEeuwEefde/deventerweg/E-000-047.jpg,1,1,0,0,1,0,0,0,0,0,0,,,,1,0,0,0,
/Users/dirk/Dropbox/EenEeuwEefde/laatstestuiver/E-000-200.jpg,1,1,0,0,1,0,0,0,0,0,0,,,,1,0,0,0,
/Users/dirk/Dropbox/EenEeuwEefde/vanderhoevenlaan/E-000-410.jpg,1,1,0,0,1,0,0,0,0,0,0,,,,1,0,0,0,
/Users/dirk/Dropbox/EenEeuwEefde/almenseweg/E-000-002.jpg,1,1,0,0,1,0,0,0,0,0,0,,,,1,0,0,0,
/Users/dirk/Dropbox/EenEeuwEefde/rijksstraatweg/E-000-288.jpg,1,1,0,0,1,0,0,0,0,0,0,,,,1,0,0,0,
/Users/dirk/Dropbox/EenEeuwEefde/almenseweg/E-000-005.jpg,1,1,0,0,1,0,0,0,0,0,0,,,,1,0,0,0,
/Users/dirk/Dropbox/EenEeuwEefde/mettray/E-000-241.jpg,1,1,0,0,1,0,0,0,0,0,0,,,,1,0,0,0,
/Users/dirk/Dropbox/EenEeuwEefde/mettray/E-000-237.jpg,1,1,0,0,1,0,0,0,0,0,0,,,,1,0,0,0,
/Users/dirk/Dropbox/EenEeuwEefde/kokstraat/E-000-198.jpg,1,1,0,0,1,0,0,0,0,0,0,,,,1,0,0,0,
/Users/dirk/Dropbox/EenEeuwEefde/kerklaan/E-000-187.jpg,1,1,0,0,1,0,0,0,0,0,0,,,,1,0,0,0,
/Users/dirk/Dropbox/EenEeuwEefde/hoogbarge/E-000-086.jpg,1,1,0,0,1,0,0,0,0,0,0,,,,1,0,0,0,
/Users/dirk/Dropbox/EenEeuwEefde/schoolstraat/E-000-346.jpg,1,1,0,0,1,0,0,0,0,0,0,,,,1,0,0,0,
/Users/dirk/Dropbox/EenEeuwEefde/sluis/E-000-383.jpg,1,1,0,0,1,0,0,0,0,0,0,,,,1,0,0,0,
/Users/dirk/Dropbox/EenEeuwEefde/kazerne/E-000-173.jpg,1,1,0,0,1,0,0,0,0,0,0,,,,1,0,0,0,
/Users/dirk/Dropbox/EenEeuwEefde/kerk/E-000-179.jpg,1,1,0,0,1,0,0,0,0,0,0,,,,1,0,0,0,
/Users/dirk/Dropbox/EenEeuwEefde/damlaan/E-000-028.jpg,1,1,0,0,1,0,0,0,0,0,0,,,,1,0,0,0,
/Users/dirk/Dropbox/EenEeuwEefde/kanaal/E-000-132.jpg,1,1,0,0,1,0,0,0,0,0,0,,,,1,0,0,0,
/Users/dirk/Dropbox/EenEeuwEefde/mettray/E-000-236.jpg,1,1,0,0,1,0,0,0,0,0,0,,,,1,0,0,0,
/Users/dirk/Dropbox/EenEeuwEefde/laatstestuiver/E-000-209.jpg,1,1,0,0,1,0,0,0,0,0,0,,,,1,0,0,0,
/Users/dirk/Dropbox/EenEeuwEefde/hoogbarge/E-000-085.jpg,1,1,0,0,1,0,0,0,0,0,0,,,,1,0,0,0,
/Users/dirk/Dropbox/EenEeuwEefde/schoolstraat/E-000-355.jpg,1,1,0,0,1,0,0,0,0,0,0,,,,1,0,0,0,
/Users/dirk/Dropbox/EenEeuwEefde/sluis/E-000-381.jpg,1,1,0,0,1,0,0,0,0,0,0,,,,1,0,0,0,
/Users/dirk/Dropbox/EenEeuwEefde/kerkpad/E-000-191.jpg,1,1,0,0,1,0,0,0,0,0,0,,,,1,0,0,0,
/Users/dirk/Dropbox/EenEeuwEefde/huisdevoorst/E-000-089.jpg,1,1,0,0,1,0,0,0,0,0,0,,,,1,0,0,0,
/Users/dirk/Dropbox/EenEeuwEefde/kerklaan/E-000-185.jpg,1,1,0,0,1,0,0,0,0,0,0,,,,1,0,0,0,
/Users/dirk/Dropbox/EenEeuwEefde/boedelhofweg/E-000-022.jpg,1,1,0,0,1,0,0,0,0,0,0,,,,1,0,0,0,
/Users/dirk/Dropbox/EenEeuwEefde/mettray/E-000-221.jpg,1,1,0,0,1,0,0,0,0,0,0,,,,1,0,0,0,
/Users/dirk/Dropbox/EenEeuwEefde/sluis/E-000-376.jpg,1,1,0,0,1,0,0,0,0,0,0,,,,1,0,0,0,
/Users/dirk/Dropbox/EenEeuwEefde/kapperallee/E-000-167.jpg,1,1,0,0,1,0,0,0,0,0,0,,,,1,0,0,0,
/Users/dirk/Dropbox/EenEeuwEefde/deventerweg/E-000-051.jpg,1,1,0,0,1,0,0,0,0,0,0,,,,1,0,0,0,
/Users/dirk/Dropbox/EenEeuwEefde/laatstestuiver/E-000-203.jpg,1,1,0,0,1,0,0,0,0,0,0,,,,1,0,0,0,
/Users/dirk/Dropbox/EenEeuwEefde/laatstestuiver/E-000-205.jpg,1,1,0,0,1,0,0,0,0,0,0,,,,1,0,0,0,
/Users/dirk/Dropbox/EenEeuwEefde/huisdevoorst/E-000-101.jpg,1,1,0,0,1,0,0,0,0,0,0,,,,1,0,0,0,
/Users/dirk/Dropbox/EenEeuwEefde/kapperallee/E-000-163.jpg,1,1,0,0,1,0,0,0,0,0,0,,,,1,0,0,0,
/Users/dirk/Dropbox/EenEeuwEefde/mettray/E-000-220.jpg,1,1,0,0,1,0,0,0,0,0,0,,,,1,0,0,0,
/Users/dirk/Dropbox/EenEeuwEefde/schoolstraat/E-000-319.jpg,1,1,0,0,1,0,0,0,0,0,0,,,,1,0,0,0,
/Users/dirk/Dropbox/EenEeuwEefde/zutphenseweg/E-000-422.jpg,1,1,0,0,1,0,0,0,0,0,0,,,,1,0,0,0,
/Users/dirk/Dropbox/EenEeuwEefde/deventerweg/E-000-060.jpg,1,1,0,0,1,0,0,0,0,0,0,,,,1,0,0,0,
/Users/dirk/Dropbox/EenEeuwEefde/schoolstraat/E-000-351.jpg,1,1,0,0,1,0,0,0,0,0,0,,,,1,0,0,0,
/Users/dirk/Dropbox/EenEeuwEefde/schoolstraat/E-000-323.jpg,1,1,0,0,1,0,0,0,0,0,0,,,,1,0,0,0,
/Users/dirk/Dropbox/EenEeuwEefde/sluis/E-000-357.jpg,1,1,0,0,1,0,0,0,0,0,0,,,,1,0,0,0,
/Users/dirk/Dropbox/EenEeuwEefde/sluis/E-000-370.jpg,1,1,0,0,1,0,0,0,0,0,0,,,,1,0,0,0,
/Users/dirk/Dropbox/EenEeuwEefde/kaart/E-000-117.jpg,1,1,0,0,1,0,0,0,0,0,0,,,,1,0,0,0,
/Users/dirk/Dropbox/EenEeuwEefde/rustoordlaan/E-000-300.jpg,1,1,0,0,1,0,0,0,0,0,0,,,,1,0,0,0,
/Users/dirk/Dropbox/EenEeuwEefde/kapperallee/E-000-158.jpg,1,1,0,0,1,0,0,0,0,0,0,,,,1,0,0,0,
/Users/dirk/Dropbox/EenEeuwEefde/mettray/E-000-231.jpg,1,1,0,0,1,0,0,0,0,0,0,,,,1,0,0,0,
/Users/dirk/Dropbox/EenEeuwEefde/sluis/E-000-379.jpg,1,1,0,0,1,0,0,0,0,0,0,,,,1,0,0,0,
/Users/dirk/Dropbox/EenEeuwEefde/kanaal/E-000-127.jpg,1,1,0,0,1,0,0,0,0,0,0,,,,1,0,0,0,
/Users/dirk/Dropbox/EenEeuwEefde/schoolstraat/E-000-324.jpg,1,1,0,0,1,0,0,0,0,0,0,,,,1,0,0,0,
/Users/dirk/Dropbox/EenEeuwEefde/meijerinkstraat/E-000-214.jpg,1,1,0,0,1,0,0,0,0,0,0,,,,1,0,0,0,
/Users/dirk/Dropbox/EenEeuwEefde/boedelhofweg/E-000-021.jpg,1,1,0,0,1,0,0,0,0,0,0,,,,1,0,0,0,
/Users/dirk/Dropbox/EenEeuwEefde/rijksstraatweg/E-000-289.jpg,1,1,0,0,1,0,0,0,0,0,0,,,,1,0,0,0,
/Users/dirk/Dropbox/EenEeuwEefde/rustoordlaan/E-000-299.jpg,1,1,0,0,1,0,0,0,0,0,0,,,,1,0,0,0,
/Users/dirk/Dropbox/EenEeuwEefde/damlaan/E-000-043.jpg,1,1,0,0,1,0,0,0,0,0,0,,,,1,0,0,0,
/Users/dirk/Dropbox/EenEeuwEefde/mettray/E-000-235.jpg,1,1,0,0,1,0,0,0,0,0,0,,,,1,0,0,0,
/Users/dirk/Dropbox/EenEeuwEefde/schoolstraat/E-000-320.jpg,1,1,0,0,1,0,0,0,0,0,0,,,,1,0,0,0,
/Users/dirk/Dropbox/EenEeuwEefde/spoorbrug/E-000-397.jpg,1,1,0,0,1,0,0,0,0,0,0,,,,1,0,0,0,
/Users/dirk/Dropbox/EenEeuwEefde/deventerweg/E-000-065.jpg,1,1,0,0,1,0,0,0,0,0,0,,,,1,0,0,0,
/Users/dirk/Dropbox/EenEeuwEefde/sluis/E-000-372.jpg,1,1,0,0,1,0,0,0,0,0,0,,,,1,0,0,0,
/Users/dirk/Dropbox/EenEeuwEefde/mettray/E-000-217.jpg,1,1,0,0,1,0,0,0,0,0,0,,,,1,0,0,0,
/Users/dirk/Dropbox/EenEeuwEefde/hoogbarge/E-000-084.jpg,1,1,0,0,1,0,0,0,0,0,0,,,,1,0,0,0,
/Users/dirk/Dropbox/EenEeuwEefde/vanderhoevenlaan/E-000-403.jpg,1,1,0,0,1,0,0,0,0,0,0,,,,1,0,0,0,
/Users/dirk/Dropbox/EenEeuwEefde/boedelhofweg/E-000-018.jpg,1,1,0,0,1,0,0,0,0,0,0,,,,1,0,0,0,
/Users/dirk/Dropbox/EenEeuwEefde/elzerdijk/E-000-073.jpg,1,1,0,0,1,0,0,0,0,0,0,,,,1,0,0,0,
/Users/dirk/Dropbox/EenEeuwEefde/kapperallee/E-000-151.jpg,1,1,0,0,1,0,0,0,0,0,0,,,,1,0,0,0,
/Users/dirk/Dropbox/EenEeuwEefde/sluis/E-000-378.jpg,1,1,0,0,1,0,0,0,0,0,0,,,,1,0,0,0,
/Users/dirk/Dropbox/EenEeuwEefde/zutphenseweg/E-000-431.jpg,1,1,0,0,1,0,0,0,0,0,0,,,,1,0,0,0,
/Users/dirk/Dropbox/EenEeuwEefde/schoolstraat/E-000-317.jpg,1,1,0,0,1,0,0,0,0,0,0,,,,1,0,0,0,
/Users/dirk/Dropbox/EenEeuwEefde/almenseweg/E-000-006.jpg,1,1,0,0,1,0,0,0,0,0,0,,,,1,0,0,0,
/Users/dirk/Dropbox/EenEeuwEefde/schoolstraat/E-000-335.jpg,1,1,0,0,1,0,0,0,0,0,0,,,,1,0,0,0,
/Users/dirk/Dropbox/EenEeuwEefde/schoolstraat/E-000-350.jpg,1,1,0,0,1,0,0,0,0,0,0,,,,1,0,0,0,
/Users/dirk/Dropbox/EenEeuwEefde/kaart/E-000-122.jpg,1,1,0,0,1,0,0,0,0,0,0,,,,1,0,0,0,
/Users/dirk/Dropbox/EenEeuwEefde/schoolstraat/E-000-336.jpg,1,1,0,0,1,0,0,0,0,0,0,,,,1,0,0,0,
/Users/dirk/Dropbox/EenEeuwEefde/kaart/E-000-123.jpg,1,1,0,0,1,0,0,0,0,0,0,,,,1,0,0,0,
/Users/dirk/Dropbox/EenEeuwEefde/sluis/E-000-392.jpg,1,1,0,0,1,0,0,0,0,0,0,,,,1,0,0,0,
/Users/dirk/Dropbox/EenEeuwEefde/kaart/E-000-124.jpg,1,1,0,0,1,0,0,0,0,0,0,,,,1,0,0,0,
/Users/dirk/Dropbox/EenEeuwEefde/kazerne/E-000-169.jpg,1,1,0,0,1,0,0,0,0,0,0,,,,1,0,0,0,
/Users/dirk/Dropbox/EenEeuwEefde/rustoordlaan/E-000-303.jpg,1,1,0,0,1,0,0,0,0,0,0,,,,1,0,0,0,
/Users/dirk/Dropbox/EenEeuwEefde/mettray/E-000-224.jpg,1,1,0,0,1,0,0,0,0,0,0,,,,1,0,0,0,
/Users/dirk/Dropbox/EenEeuwEefde/laatstestuiver/E-000-211.jpg,1,1,0,0,1,0,0,0,0,0,0,,,,1,0,0,0,
/Users/dirk/Dropbox/EenEeuwEefde/vanderhoevenlaan/E-000-402.jpg,1,1,0,0,1,0,0,0,0,0,0,,,,1,0,0,0,
/Users/dirk/Dropbox/EenEeuwEefde/kapperallee/E-000-164.jpg,1,1,0,0,1,0,0,0,0,0,0,,,,1,0,0,0,
/Users/dirk/Dropbox/EenEeuwEefde/rustoordlaan/E-000-308.jpg,1,1,0,0,1,0,0,0,0,0,0,,,,1,0,0,0,
/Users/dirk/Dropbox/EenEeuwEefde/rijksstraatweg/E-000-284.jpg,1,1,0,0,1,0,0,0,0,0,0,,,,1,0,0,0,
/Users/dirk/Dropbox/EenEeuwEefde/kanaal/E-000-133.jpg,1,1,0,0,1,0,0,0,0,0,0,,,,1,0,0,0,
/Users/dirk/Dropbox/EenEeuwEefde/damlaan/E-000-029.jpg,1,1,0,0,1,0,0,0,0,0,0,,,,1,0,0,0,
/Users/dirk/Dropbox/EenEeuwEefde/rijksstraatweg/E-000-283.jpg,1,1,0,0,1,0,0,0,0,0,0,,,,1,0,0,0,
/Users/dirk/Dropbox/EenEeuwEefde/gaanderij/E-000-078.jpg,1,1,0,0,1,0,0,0,0,0,0,,,,1,0,0,0,
/Users/dirk/Dropbox/EenEeuwEefde/sluis/E-000-388.jpg,1,1,0,0,1,0,0,0,0,0,0,,,,1,0,0,0,
/Users/dirk/Dropbox/EenEeuwEefde/schoolstraat/E-000-340.jpg,1,1,0,0,1,0,0,0,0,0,0,,,,1,0,0,0,
/Users/dirk/Dropbox/EenEeuwEefde/almenseweg/E-000-007.jpg,1,1,0,0,1,0,0,0,0,0,0,,,,1,0,0,0,
/Users/dirk/Dropbox/EenEeuwEefde/kanaal/E-000-131.jpg,1,1,0,0,1,0,0,0,0,0,0,,,,1,0,0,0,
/Users/dirk/Dropbox/EenEeuwEefde/damlaan/E-000-033.jpg,1,1,0,0,1,0,0,0,0,0,0,,,,1,0,0,0,
/Users/dirk/Dropbox/EenEeuwEefde/kerkpad/E-000-190.jpg,1,1,0,0,1,0,0,0,0,0,0,,,,1,0,0,0,
/Users/dirk/Dropbox/EenEeuwEefde/mettray/E-000-232.jpg,1,1,0,0,1,0,0,0,0,0,0,,,,1,0,0,0,
/Users/dirk/Dropbox/EenEeuwEefde/elzerdijk/E-000-075.jpg,1,1,0,0,1,0,0,0,0,0,0,,,,1,0,0,0,
/Users/dirk/Dropbox/EenEeuwEefde/deventerweg/E-000-058.jpg,1,1,0,0,1,0,0,0,0,0,0,,,,1,0,0,0,
/Users/dirk/Dropbox/EenEeuwEefde/sluis/E-000-367.jpg,1,1,0,0,1,0,0,0,0,0,0,,,,1,0,0,0,
/Users/dirk/Dropbox/EenEeuwEefde/.DS_Store,0,0,0,0,0,0,0,0,0,0,0,,,,0,0,1,0,
/Users/dirk/Dropbox/EenEeuwEefde/mettrayweg/.DS_Store,0,0,0,0,0,0,0,0,0,0,0,,,,0,0,1,0,
/Users/dirk/Dropbox/EenEeuwEefde/kapperallee/.DS_Store,0,0,0,0,0,0,0,0,0,0,0,,,,0,0,1,0,
/Users/dirk/Dropbox/EenEeuwEefde/vanderhoevenlaan/.DS_Store,0,0,0,0,0,0,0,0,0,0,0,,,,0,0,1,0,
/Users/dirk/Dropbox/EenEeuwEefde/meijerinkstraat/.DS_Store,0,0,0,0,0,0,0,0,0,0,0,,,,0,0,1,0,
/Users/dirk/Dropbox/EenEeuwEefde/laatstestuiver/.DS_Store,0,0,0,0,0,0,0,0,0,0,0,,,,0,0,1,0,
/Users/dirk/Dropbox/EenEeuwEefde/hoogbarge/.DS_Store,0,0,0,0,0,0,0,0,0,0,0,,,,0,0,1,0,
/Users/dirk/Dropbox/EenEeuwEefde/kaart/.DS_Store,0,0,0,0,0,0,0,0,0,0,0,,,,0,0,1,0,
/Users/dirk/Dropbox/EenEeuwEefde/kazernestraat/.DS_Store,0,0,0,0,0,0,0,0,0,0,0,,,,0,0,1,0,
/Users/dirk/Dropbox/EenEeuwEefde/damlaan/.DS_Store,0,0,0,0,0,0,0,0,0,0,0,,,,0,0,1,0,
/Users/dirk/Dropbox/EenEeuwEefde/rustoordlaan/.DS_Store,0,0,0,0,0,0,0,0,0,0,0,,,,0,0,1,0,
/Users/dirk/Dropbox/EenEeuwEefde/schurinklaan/.DS_Store,0,0,0,0,0,0,0,0,0,0,0,,,,0,0,1,0,
/Users/dirk/Dropbox/EenEeuwEefde/elzerdijk/.DS_Store,0,0,0,0,0,0,0,0,0,0,0,,,,0,0,1,0,
/Users/dirk/Dropbox/EenEeuwEefde/boedelhofweg/.DS_Store,0,0,0,0,0,0,0,0,0,0,0,,,,0,0,1,0,
/Users/dirk/Dropbox/EenEeuwEefde/kanaal/.DS_Store,0,0,0,0,0,0,0,0,0,0,0,,,,0,0,1,0,
/Users/dirk/Dropbox/EenEeuwEefde/spoorbrug/.DS_Store,0,0,0,0,0,0,0,0,0,0,0,,,,0,0,1,0,
/Users/dirk/Dropbox/EenEeuwEefde/zutphenseweg/.DS_Store,0,0,0,0,0,0,0,0,0,0,0,,,,0,0,1,0,
/Users/dirk/Dropbox/EenEeuwEefde/beekweide/.DS_Store,0,0,0,0,0,0,0,0,0,0,0,,,,0,0,1,0,
/Users/dirk/Dropbox/EenEeuwEefde/deventerweg/.DS_Store,0,0,0,0,0,0,0,0,0,0,0,,,,0,0,1,0,
/Users/dirk/Dropbox/EenEeuwEefde/kerkpad/.DS_Store,0,0,0,0,0,0,0,0,0,0,0,,,,0,0,1,0,
/Users/dirk/Dropbox/EenEeuwEefde/nachtegaalstraat/.DS_Store,0,0,0,0,0,0,0,0,0,0,0,,,,0,0,1,0,
/Users/dirk/Dropbox/EenEeuwEefde/kerk/.DS_Store,0,0,0,0,0,0,0,0,0,0,0,,,,0,0,1,0,
/Users/dirk/Dropbox/EenEeuwEefde/almenseweg/.DS_Store,0,0,0,0,0,0,0,0,0,0,0,,,,0,0,1,0,
/Users/dirk/Dropbox/EenEeuwEefde/hulzerdijk/.DS_Store,0,0,0,0,0,0,0,0,0,0,0,,,,0,0,1,0,
/Users/dirk/Dropbox/EenEeuwEefde/mettray/.DS_Store,0,0,0,0,0,0,0,0,0,0,0,,,,0,0,1,0,
/Users/dirk/Dropbox/EenEeuwEefde/dortherdijk/.DS_Store,0,0,0,0,0,0,0,0,0,0,0,,,,0,0,1,0,
/Users/dirk/Dropbox/EenEeuwEefde/zutphen/.DS_Store,0,0,0,0,0,0,0,0,0,0,0,,,,0,0,1,0,
/Users/dirk/Dropbox/EenEeuwEefde/huisdevoorst/.DS_Store,0,0,0,0,0,0,0,0,0,0,0,,,,0,0,1,0,
/Users/dirk/Dropbox/EenEeuwEefde/rijksstraatweg/.DS_Store,0,0,0,0,0,0,0,0,0,0,0,,,,0,0,1,0,
/Users/dirk/Dropbox/EenEeuwEefde/startdijk/.DS_Store,0,0,0,0,0,0,0,0,0,0,0,,,,0,0,1,0,
/Users/dirk/Dropbox/EenEeuwEefde/schoolstraat/.DS_Store,0,0,0,0,0,0,0,0,0,0,0,,,,0,0,1,0,
/Users/dirk/Dropbox/EenEeuwEefde/kokstraat/.DS_Store,0,0,0,0,0,0,0,0,0,0,0,,,,0,0,1,0,
/Users/dirk/Dropbox/EenEeuwEefde/kerklaan/.DS_Store,0,0,0,0,0,0,0,0,0,0,0,,,,0,0,1,0,
/Users/dirk/Dropbox/EenEeuwEefde/sluis/.DS_Store,0,0,0,0,0,0,0,0,0,0,0,,,,0,0,1,0,
/Users/dirk/Dropbox/EenEeuwEefde/harfsensesteeg/.DS_Store,0,0,0,0,0,0,0,0,0,0,0,,,,0,0,1,0,
